{
  "tfidf_logreg__clean": {
    "native": {
      "point": 0.012987012987012988,
      "ci_low": 0.003246753246753247,
      "ci_high": 0.025974025974025976,
      "n_clusters": 308,
      "n_boot": 2000,
      "n": 308
    },
    "non_native": {
      "point": 0.01060070671378092,
      "ci_low": 0.006622516556291391,
      "ci_high": 0.014582412726469289,
      "n_clusters": 2263,
      "n_boot": 2000,
      "n": 2264
    }
  },
  "tfidf_logreg__grammar_correct": {
    "native": {
      "point": 0.012987012987012988,
      "ci_low": 0.003246753246753247,
      "ci_high": 0.025974025974025976,
      "n_clusters": 308,
      "n_boot": 2000,
      "n": 308
    },
    "non_native": {
      "point": 0.011042402826855124,
      "ci_low": 0.006628369421122404,
      "ci_high": 0.015445889811767777,
      "n_clusters": 2263,
      "n_boot": 2000,
      "n": 2264
    }
  },
  "tfidf_logreg__human_edit": {
    "native": {
      "point": 0.0,
      "ci_low": 0.0,
      "ci_high": 0.0,
      "n_clusters": 50,
      "n_boot": 2000,
      "n": 50
    },
    "non_native": {
      "point": 0.009242144177449169,
      "ci_low": 0.0036968576709796672,
      "ci_high": 0.015711645101663587,
      "n_clusters": 1082,
      "n_boot": 2000,
      "n": 1082
    }
  },
  "stylometric_gbm__clean": {
    "native": {
      "point": 0.006493506493506494,
      "ci_low": 0.0,
      "ci_high": 0.016233766233766232,
      "n_clusters": 308,
      "n_boot": 2000,
      "n": 308
    },
    "non_native": {
      "point": 0.011484098939929329,
      "ci_low": 0.007508751043299869,
      "ci_high": 0.015908086610693768,
      "n_clusters": 2263,
      "n_boot": 2000,
      "n": 2264
    }
  },
  "stylometric_gbm__grammar_correct": {
    "native": {
      "point": 0.006493506493506494,
      "ci_low": 0.0,
      "ci_high": 0.016233766233766232,
      "n_clusters": 308,
      "n_boot": 2000,
      "n": 308
    },
    "non_native": {
      "point": 0.011484098939929329,
      "ci_low": 0.007067137809187279,
      "ci_high": 0.016335540838852098,
      "n_clusters": 2263,
      "n_boot": 2000,
      "n": 2264
    }
  },
  "stylometric_gbm__human_edit": {
    "native": {
      "point": 0.0,
      "ci_low": 0.0,
      "ci_high": 0.0,
      "n_clusters": 50,
      "n_boot": 2000,
      "n": 50
    },
    "non_native": {
      "point": 0.012014787430683918,
      "ci_low": 0.006469500924214418,
      "ci_high": 0.019408502772643253,
      "n_clusters": 1082,
      "n_boot": 2000,
      "n": 1082
    }
  },
  "perplexity__clean": {
    "native": {
      "point": 0.03571428571428571,
      "ci_low": 0.016233766233766232,
      "ci_high": 0.05519480519480519,
      "n_clusters": 308,
      "n_boot": 2000,
      "n": 308
    },
    "non_native": {
      "point": 0.007508833922261484,
      "ci_low": 0.003977021652673442,
      "ci_high": 0.011484098939929329,
      "n_clusters": 2263,
      "n_boot": 2000,
      "n": 2264
    }
  },
  "perplexity__grammar_correct": {
    "native": {
      "point": 0.05844155844155844,
      "ci_low": 0.03571428571428571,
      "ci_high": 0.08766233766233766,
      "n_clusters": 308,
      "n_boot": 2000,
      "n": 308
    },
    "non_native": {
      "point": 0.02871024734982332,
      "ci_low": 0.022094320759990568,
      "ci_high": 0.035761984297849436,
      "n_clusters": 2263,
      "n_boot": 2000,
      "n": 2264
    }
  },
  "perplexity__human_edit": {
    "native": {
      "point": 0.0,
      "ci_low": 0.0,
      "ci_high": 0.0,
      "n_clusters": 50,
      "n_boot": 2000,
      "n": 50
    },
    "non_native": {
      "point": 0.031423290203327174,
      "ci_low": 0.021256931608133085,
      "ci_high": 0.04251386321626617,
      "n_clusters": 1082,
      "n_boot": 2000,
      "n": 1082
    }
  },
  "fast_detect_gpt__clean": {
    "native": {
      "point": 0.025974025974025976,
      "ci_low": 0.00974025974025974,
      "ci_high": 0.045454545454545456,
      "n_clusters": 308,
      "n_boot": 2000,
      "n": 308
    },
    "non_native": {
      "point": 0.008392226148409895,
      "ci_low": 0.004858657243816254,
      "ci_high": 0.01194156645493434,
      "n_clusters": 2263,
      "n_boot": 2000,
      "n": 2264
    }
  },
  "fast_detect_gpt__grammar_correct": {
    "native": {
      "point": 0.048701298701298704,
      "ci_low": 0.025974025974025976,
      "ci_high": 0.07467532467532467,
      "n_clusters": 308,
      "n_boot": 2000,
      "n": 308
    },
    "non_native": {
      "point": 0.026943462897526502,
      "ci_low": 0.02075055187637969,
      "ci_high": 0.03401060070671378,
      "n_clusters": 2263,
      "n_boot": 2000,
      "n": 2264
    }
  },
  "fast_detect_gpt__human_edit": {
    "native": {
      "point": 0.02,
      "ci_low": 0.0,
      "ci_high": 0.06,
      "n_clusters": 50,
      "n_boot": 2000,
      "n": 50
    },
    "non_native": {
      "point": 0.025878003696857672,
      "ci_low": 0.0166358595194085,
      "ci_high": 0.03512014787430684,
      "n_clusters": 1082,
      "n_boot": 2000,
      "n": 1082
    }
  },
  "binoculars_lite__clean": {
    "native": {
      "point": 0.022727272727272728,
      "ci_low": 0.006493506493506494,
      "ci_high": 0.04220779220779221,
      "n_clusters": 308,
      "n_boot": 2000,
      "n": 308
    },
    "non_native": {
      "point": 0.008392226148409895,
      "ci_low": 0.004856512141280353,
      "ci_high": 0.012372956252761821,
      "n_clusters": 2263,
      "n_boot": 2000,
      "n": 2264
    }
  },
  "binoculars_lite__grammar_correct": {
    "native": {
      "point": 0.04220779220779221,
      "ci_low": 0.022727272727272728,
      "ci_high": 0.06493506493506493,
      "n_clusters": 308,
      "n_boot": 2000,
      "n": 308
    },
    "non_native": {
      "point": 0.019434628975265017,
      "ci_low": 0.014111221269752991,
      "ci_high": 0.025187803800265134,
      "n_clusters": 2263,
      "n_boot": 2000,
      "n": 2264
    }
  },
  "binoculars_lite__human_edit": {
    "native": {
      "point": 0.02,
      "ci_low": 0.0,
      "ci_high": 0.06,
      "n_clusters": 50,
      "n_boot": 2000,
      "n": 50
    },
    "non_native": {
      "point": 0.033271719038817,
      "ci_low": 0.02310536044362292,
      "ci_high": 0.04343807763401109,
      "n_clusters": 1082,
      "n_boot": 2000,
      "n": 1082
    }
  },
  "roberta_openai__clean": {
    "native": {
      "point": 0.02922077922077922,
      "ci_low": 0.012987012987012988,
      "ci_high": 0.048701298701298704,
      "n_clusters": 308,
      "n_boot": 2000,
      "n": 308
    },
    "non_native": {
      "point": 0.008392226148409895,
      "ci_low": 0.004858657243816254,
      "ci_high": 0.012356711849414222,
      "n_clusters": 2263,
      "n_boot": 2000,
      "n": 2264
    }
  },
  "roberta_openai__grammar_correct": {
    "native": {
      "point": 0.06493506493506493,
      "ci_low": 0.03896103896103896,
      "ci_high": 0.09415584415584416,
      "n_clusters": 308,
      "n_boot": 2000,
      "n": 308
    },
    "non_native": {
      "point": 0.04770318021201413,
      "ci_low": 0.038869257950530034,
      "ci_high": 0.0565121412803532,
      "n_clusters": 2263,
      "n_boot": 2000,
      "n": 2264
    }
  },
  "roberta_openai__human_edit": {
    "native": {
      "point": 0.02,
      "ci_low": 0.0,
      "ci_high": 0.06,
      "n_clusters": 50,
      "n_boot": 2000,
      "n": 50
    },
    "non_native": {
      "point": 0.04713493530499076,
      "ci_low": 0.03512014787430684,
      "ci_high": 0.06007393715341959,
      "n_clusters": 1082,
      "n_boot": 2000,
      "n": 1082
    }
  },
  "deberta_hc3_ft__clean": {
    "native": {
      "point": 0.025974025974025976,
      "ci_low": 0.00974025974025974,
      "ci_high": 0.045454545454545456,
      "n_clusters": 308,
      "n_boot": 2000,
      "n": 308
    },
    "non_native": {
      "point": 0.009275618374558304,
      "ci_low": 0.005302695536897923,
      "ci_high": 0.013256738842244807,
      "n_clusters": 2263,
      "n_boot": 2000,