{
  "binoculars_lite": {
    "weights": {
      "perplexity_closeness": 0.2786524370664317,
      "readability_normality": 0.053872989101988705,
      "semantic_consistency": 0.010569473066356048,
      "lexical_diversity": 0.2254071591575467,
      "committee_margin": 0.4314979416076769
    },
    "by_condition": {
      "clean": {
        "hci": -0.05371900826446285,
        "acc_by_quantile": [
          0.9333333333333333,
          0.9916666666666667,
          0.9916666666666667,
          0.9916666666666667,
          0.9834710743801653
        ]
      },
      "paraphrase_t5": {
        "hci": 0.14868719373948658,
        "acc_by_quantile": [
          0.9416666666666667,
          0.9666666666666667,
          0.95,
          0.95,
          0.8016528925619835
        ]
      }
    }
  },
  "deberta_hc3_ft": {
    "weights": {
      "perplexity_closeness": 0.43157964365389895,
      "readability_normality": 0.008601540605467159,
      "semantic_consistency": 0.01687201281509945,
      "lexical_diversity": 0.42757849645879525,
      "committee_margin": 0.11536830646673907
    },
    "by_condition": {
      "clean": {
        "hci": -0.016949152542372933,
        "acc_by_quantile": [
          0.9833333333333333,
          1.0,
          1.0,
          1.0,
          1.0
        ]
      },
      "paraphrase_t5": {
        "hci": -0.016949152542372933,
        "acc_by_quantile": [
          0.9833333333333333,
          0.9916666666666667,
          1.0,
          1.0,
          1.0
        ]
      }
    }
  },
  "fast_detect_gpt": {
    "weights": {
      "perplexity_closeness": 0.19645878716177526,
      "readability_normality": 0.10513576116209719,
      "semantic_consistency": 0.009780362467698584,
      "lexical_diversity": 0.3015715228678675,
      "committee_margin": 0.38705356634056143
    },
    "by_condition": {
      "clean": {
        "hci": -0.03448275862068965,
        "acc_by_quantile": [
          0.9666666666666667,
          0.9916666666666667,
          1.0,
          1.0,
          1.0
        ]
      },
      "paraphrase_t5": {
        "hci": 0.008264462809917335,
        "acc_by_quantile": [
          0.9666666666666667,
          0.95,
          0.925,
          0.95,
          0.9586776859504132
        ]
      }
    }
  },
  "perplexity": {
    "weights": {
      "perplexity_closeness": 0.0870069161341726,
      "readability_normality": 0.3243463510677391,
      "semantic_consistency": 0.067956524677263,
      "lexical_diversity": 0.22271038520441414,
      "committee_margin": 0.2979798229164111
    },
    "by_condition": {
      "clean": {
        "hci": -0.025641025641025664,
        "acc_by_quantile": [
          0.975,
          1.0,
          1.0,
          1.0,
          1.0
        ]
      },
      "paraphrase_t5": {
        "hci": 0.0,
        "acc_by_quantile": [
          1.0,
          0.9916666666666667,
          0.9833333333333333,
          1.0,
          1.0
        ]
      }
    }
  },
  "roberta_openai": {
    "weights": {
      "perplexity_closeness": 0.05670177656000342,
      "readability_normality": 0.19754135919863294,
      "semantic_consistency": 0.34147794885415017,
      "lexical_diversity": 0.1549892342678511,
      "committee_margin": 0.24928968111936237
    },
    "by_condition": {
      "clean": {
        "hci": -0.016949152542372933,
        "acc_by_quantile": [
          0.9833333333333333,
          1.0,
          1.0,
          1.0,
          1.0
        ]
      },
      "paraphrase_t5": {
        "hci": -0.03941513032422119,
        "acc_by_quantile": [
          0.8666666666666667,
          0.9416666666666667,
          0.9333333333333333,
          0.95,
          0.9008264462809917
        ]
      }
    }
  },
  "stylometric_gbm": {
    "weights": {
      "perplexity_closeness": 0.2,
      "readability_normality": 0.2,
      "semantic_consistency": 0.2,
      "lexical_diversity": 0.2,
      "committee_margin": 0.2
    },
    "by_condition": {
      "clean": {
        "hci": 0.0,
        "acc_by_quantile": [
          1.0,
          1.0,
          1.0,
          1.0,
          1.0
        ]
      },
      "paraphrase_t5": {
        "hci": 0.0,
        "acc_by_quantile": [
          1.0,
          1.0,
          1.0,
          1.0,
          1.0
        ]
      }
    }
  },
  "tfidf_logreg": {
    "weights": {
      "perplexity_closeness": 0.32895775859014564,
      "readability_normality": 0.23360454140989842,
      "semantic_consistency": 0.13061459850765544,
      "lexical_diversity": 0.24125237864529436,
      "committee_margin": 0.06557072284700609
    },
    "by_condition": {
      "clean": {
        "hci": 0.0,
        "acc_by_quantile": [
          1.0,
          1.0,
          0.9916666666666667,
          1.0,
          1.0
        ]
      },
      "paraphrase_t5": {
        "hci": -0.016949152542372933,
        "acc_by_quantile": [
          0.9833333333333333,
          0.9833333333333333,
          0.9583333333333334,
          1.0,
          1.0
        ]
      }
    }
  }
}