{
  "binoculars_lite": {
    "weights": {
      "perplexity_closeness": 0.2407349768115542,
      "readability_normality": 0.18044051723512564,
      "semantic_consistency": 0.006428406983143017,
      "lexical_diversity": 0.09923922155542132,
      "committee_margin": 0.4731568774147558
    },
    "by_condition": {
      "clean": {
        "hci": -0.025933314334568275,
        "acc_by_quantile": [
          0.9666666666666667,
          0.9916666666666667,
          1.0,
          1.0,
          0.9917355371900827
        ]
      },
      "paraphrase_t5": {
        "hci": 0.08455181182453905,
        "acc_by_quantile": [
          0.975,
          0.9666666666666667,
          0.95,
          0.95,
          0.8925619834710744
        ]
      }
    }
  },
  "deberta_hc3_ft": {
    "weights": {
      "perplexity_closeness": 0.3077213630090207,
      "readability_normality": 0.0033489459225408587,
      "semantic_consistency": 0.019159090234961856,
      "lexical_diversity": 0.356148912703577,
      "committee_margin": 0.31362168812989955
    },
    "by_condition": {
      "clean": {
        "hci": -0.052631578947368474,
        "acc_by_quantile": [
          0.95,
          1.0,
          0.9916666666666667,
          1.0,
          1.0
        ]
      },
      "paraphrase_t5": {
        "hci": -0.017164653528289945,
        "acc_by_quantile": [
          0.975,
          0.9916666666666667,
          0.9916666666666667,
          0.9916666666666667,
          0.9917355371900827
        ]
      }
    }
  },
  "fast_detect_gpt": {
    "weights": {
      "perplexity_closeness": 0.0746256003538157,
      "readability_normality": 0.1569183175541957,
      "semantic_consistency": 0.08850213664483565,
      "lexical_diversity": 0.28686375208802406,
      "committee_margin": 0.3930901933591288
    },
    "by_condition": {
      "clean": {
        "hci": -0.025641025641025664,
        "acc_by_quantile": [
          0.975,
          0.9666666666666667,
          1.0,
          1.0,
          1.0
        ]
      },
      "paraphrase_t5": {
        "hci": 0.016963897346672422,
        "acc_by_quantile": [
          0.95,
          0.9166666666666666,
          0.8583333333333333,
          0.9166666666666666,
          0.9338842975206612
        ]
      }
    }
  },
  "perplexity": {
    "weights": {
      "perplexity_closeness": 0.16760313557376386,
      "readability_normality": 0.014081190835974106,
      "semantic_consistency": 0.03674105857687251,
      "lexical_diversity": 0.11396224312197376,
      "committee_margin": 0.6676123718914159
    },
    "by_condition": {
      "clean": {
        "hci": -0.00854461409160955,
        "acc_by_quantile": [
          0.9833333333333333,
          0.9833333333333333,
          0.9917355371900827,
          1.0,
          0.9917355371900827
        ]
      },
      "paraphrase_t5": {
        "hci": 0.024793388429752095,
        "acc_by_quantile": [
          1.0,
          0.9916666666666667,
          0.9834710743801653,
          0.9747899159663865,
          0.9752066115702479
        ]
      }
    }
  },
  "roberta_openai": {
    "weights": {
      "perplexity_closeness": 0.0019456968762526713,
      "readability_normality": 0.137276170938387,
      "semantic_consistency": 0.5925877573274629,
      "lexical_diversity": 0.25804077483843174,
      "committee_margin": 0.010149600019465556
    },
    "by_condition": {
      "clean": {
        "hci": -0.00854461409160955,
        "acc_by_quantile": [
          0.9833333333333333,
          0.975,
          1.0,
          0.9916666666666667,
          0.9917355371900827
        ]
      },
      "paraphrase_t5": {
        "hci": -0.1260330578512396,
        "acc_by_quantile": [
          0.8,
          0.8166666666666667,
          0.8833333333333333,
          0.8583333333333333,
          0.9008264462809917
        ]
      }
    }
  },
  "stylometric_gbm": {
    "weights": {
      "perplexity_closeness": 0.056755695018630606,
      "readability_normality": 0.41644758230426804,
      "semantic_consistency": 0.015069519303669936,
      "lexical_diversity": 0.43133262458524313,
      "committee_margin": 0.08039457878818834
    },
    "by_condition": {
      "clean": {
        "hci": -0.025641025641025664,
        "acc_by_quantile": [
          0.975,
          0.9833333333333333,
          0.9916666666666667,
          1.0,
          1.0
        ]
      },
      "paraphrase_t5": {
        "hci": -0.04393214441061339,
        "acc_by_quantile": [
          0.95,
          0.9666666666666667,
          0.975,
          1.0,
          0.9917355371900827
        ]
      }
    }
  },
  "tfidf_logreg": {
    "weights": {
      "perplexity_closeness": 0.334215149179074,
      "readability_normality": 0.11040004252436617,
      "semantic_consistency": 0.17089111745038357,
      "lexical_diversity": 0.21316817637450322,
      "committee_margin": 0.17132551447167294
    },
    "by_condition": {
      "clean": {
        "hci": -0.008403361344537785,
        "acc_by_quantile": [
          0.9916666666666667,
          0.9666666666666667,
          1.0,
          0.9916666666666667,
          1.0
        ]
      },
      "paraphrase_t5": {
        "hci": -0.037227993024490084,
        "acc_by_quantile": [
          0.9083333333333333,
          0.8666666666666667,
          0.9166666666666666,
          0.95,
          0.9421487603305785
        ]
      }
    }
  }
}