{
  "binoculars_lite": {
    "thresholds": {
      "finance": -0.6913959784446624,
      "icnale_learner": -0.8063712667343942,
      "icnale_native": -0.6914965633111214,
      "locness": -0.840440725721997,
      "medicine": -0.8095732666226336,
      "reddit_eli5": -0.770632088276459,
      "student_essay": -0.8326721409733794,
      "toefl": -0.7120530742819694,
      "wi_learner": -0.7213566177784662,
      "wiki_csai": -0.7547432607485518
    },
    "pooled_threshold": -0.7598552482318583,
    "conditions": {
      "case_noise": {
        "tpr": 0.13740458015267176,
        "fpr": 0.0,
        "n": 524
      },
      "clean": {
        "tpr": 0.9694656488549618,
        "fpr": 0.007765619484645252,
        "n": 3095
      },
      "contraction_expand": {
        "tpr": 0.9694656488549618,
        "fpr": 0.0,
        "n": 524
      },
      "esl_student": {
        "tpr": 0.7133333333333334,
        "fpr": 0.06,
        "n": 300
      },
      "grammar_correct": {
        "tpr": 0.9427480916030534,
        "fpr": 0.04129897635015884,
        "n": 3095
      },
      "homoglyph": {
        "tpr": 0.4312977099236641,
        "fpr": 0.003816793893129771,
        "n": 524
      },
      "human_edit": {
        "tpr": NaN,
        "fpr": 0.07420494699646643,
        "n": 1132
      },
      "launder_lite": {
        "tpr": 0.44,
        "fpr": 0.07333333333333333,
        "n": 300
      },
      "light_human_edit": {
        "tpr": 0.9333333333333333,
        "fpr": 0.06,
        "n": 300
      },
      "paraphrase_t5": {
        "tpr": 0.5992366412213741,
        "fpr": 0.06988352745424292,
        "n": 863
      },
      "roundtrip_fr": {
        "tpr": 0.72,
        "fpr": 0.03333333333333333,
        "n": 300
      },
      "typo": {
        "tpr": 0.4122137404580153,
        "fpr": 0.0,
        "n": 524
      },
      "whitespace_noise": {
        "tpr": 0.7442748091603053,
        "fpr": 0.0,
        "n": 524
      },
      "zero_width": {
        "tpr": 0.33587786259541985,
        "fpr": 0.007633587786259542,
        "n": 524
      }
    },
    "rs": 0.6343000874890639,
    "wcp": {
      "wcp": 0.44,
      "worst_pipeline": "launder_lite"
    }
  },
  "deberta_hc3_ft": {
    "thresholds": {
      "finance": 0.997050404548645,
      "icnale_learner": 0.9998257756233216,
      "icnale_native": 0.9998464584350586,
      "locness": 0.9994781613349916,
      "medicine": 0.9968892931938172,
      "reddit_eli5": 0.0060046343132853,
      "student_essay": 0.9993777275085448,
      "toefl": 0.9998300075531006,
      "wi_learner": 0.9997255206108092,
      "wiki_csai": 0.9998133778572084
    },
    "pooled_threshold": 0.9998268485069275,
    "conditions": {
      "case_noise": {
        "tpr": 0.5954198473282443,
        "fpr": 0.0,
        "n": 524
      },
      "clean": {
        "tpr": 0.9312977099236641,
        "fpr": 0.007765619484645252,
        "n": 3095
      },
      "contraction_expand": {
        "tpr": 0.9312977099236641,
        "fpr": 0.0,
        "n": 524
      },
      "esl_student": {
        "tpr": 0.9,
        "fpr": 0.013333333333333334,
        "n": 300
      },
      "grammar_correct": {
        "tpr": 0.9351145038167938,
        "fpr": 0.039534062830921285,
        "n": 3095
      },
      "homoglyph": {
        "tpr": 0.6717557251908397,
        "fpr": 0.0,
        "n": 524
      },
      "human_edit": {
        "tpr": NaN,
        "fpr": 0.07950530035335689,
        "n": 1132
      },
      "launder_lite": {
        "tpr": 0.7866666666666666,
        "fpr": 0.08666666666666667,
        "n": 300
      },
      "light_human_edit": {
        "tpr": 0.9333333333333333,
        "fpr": 0.03333333333333333,
        "n": 300
      },
      "paraphrase_t5": {
        "tpr": 0.9236641221374046,
        "fpr": 0.08319467554076539,
        "n": 863
      },
      "roundtrip_fr": {
        "tpr": 0.8933333333333333,
        "fpr": 0.013333333333333334,
        "n": 300
      },
      "typo": {
        "tpr": 0.7519083969465649,
        "fpr": 0.0,
        "n": 524
      },
      "whitespace_noise": {
        "tpr": 0.9312977099236641,
        "fpr": 0.0,
        "n": 524
      },
      "zero_width": {
        "tpr": 0.011450381679389313,
        "fpr": 0.0,
        "n": 524
      }
    },
    "rs": 0.8290619307832423,
    "wcp": {
      "wcp": 0.7866666666666666,
      "worst_pipeline": "launder_lite"
    }
  },
  "fast_detect_gpt": {
    "thresholds": {
      "finance": 1.862409591674805,
      "icnale_learner": 2.2536449432373047,
      "icnale_native": 3.678889036178589,
      "locness": 1.3927247524261477,
      "medicine": 1.2567744255065918,
      "reddit_eli5": 1.805052757263184,
      "student_essay": 2.5377111434936523,
      "toefl": 2.4750661849975586,
      "wi_learner": 2.6987993717193604,
      "wiki_csai": 2.630492210388184
    },
    "pooled_threshold": 2.395629405975342,
    "conditions": {
      "case_noise": {
        "tpr": 0.36259541984732824,
        "fpr": 0.007633587786259542,
        "n": 524
      },
      "clean": {
        "tpr": 0.9770992366412213,
        "fpr": 0.007765619484645252,
        "n": 3095
      },
      "contraction_expand": {
        "tpr": 0.9770992366412213,
        "fpr": 0.0,
        "n": 524
      },
      "esl_student": {
        "tpr": 0.8066666666666666,
        "fpr": 0.03333333333333333,
        "n": 300
      },
      "grammar_correct": {
        "tpr": 0.9694656488549618,
        "fpr": 0.02647370278856336,
        "n": 3095
      },
      "homoglyph": {
        "tpr": 0.6984732824427481,
        "fpr": 0.003816793893129771,
        "n": 524
      },
      "human_edit": {
        "tpr": NaN,
        "fpr": 0.03445229681978799,
        "n": 1132
      },
      "launder_lite": {
        "tpr": 0.4666666666666667,
        "fpr": 0.04,
        "n": 300
      },
      "light_human_edit": {
        "tpr": 0.9733333333333334,
        "fpr": 0.03333333333333333,
        "n": 300
      },
      "paraphrase_t5": {
        "tpr": 0.7137404580152672,
        "fpr": 0.05490848585690516,
        "n": 863
      },
      "roundtrip_fr": {
        "tpr": 0.8066666666666666,
        "fpr": 0.02,
        "n": 300
      },
      "typo": {
        "tpr": 0.648854961832061,
        "fpr": 0.0,
        "n": 524
      },
      "whitespace_noise": {
        "tpr": 0.816793893129771,
        "fpr": 0.0,
        "n": 524
      },
      "zero_width": {
        "tpr": 0.2786259541984733,
        "fpr": 0.0,
        "n": 524
      }
    },
    "rs": 0.7265538194444444,
    "wcp": {
      "wcp": 0.4666666666666667,
      "worst_pipeline": "launder_lite"
    }
  },
  "perplexity": {
    "thresholds": {
      "finance": -2.690291404724121,
      "icnale_learner": -2.532550573348999,
      "icnale_native": -2.2111120223999023,
      "locness": -3.033672332763672,
      "medicine": -3.010857105255127,
      "reddit_eli5": -3.037760972976685,
      "student_essay": -2.867359161376953,
      "toefl": -2.2782206535339355,
      "wi_learner": -2.744235038757324,
      "wiki_csai": -2.491363763809204
    },
    "pooled_threshold": -2.491363763809204,
    "conditions": {
      "case_noise": {
        "tpr": 0.003816793893129771,
        "fpr": 0.0,
        "n": 524
      },
      "clean": {
        "tpr": 0.9312977099236641,
        "fpr": 0.007765619484645252,
        "n": 3095
      },
      "contraction_expand": {
        "tpr": 0.9312977099236641,
        "fpr": 0.0,
        "n": 524
      },
      "esl_student": {
        "tpr": 0.8333333333333334,
        "fpr": 0.06,
        "n": 300
      },
      "grammar_correct": {
        "tpr": 0.9541984732824428,
        "fpr": 0.057183198023296855,
        "n": 3095
      },
      "homoglyph": {
        "tpr": 0.1717557251908397,
        "fpr": 0.0,
        "n": 524
      },
      "human_edit": {
        "tpr": NaN,
        "fpr": 0.06448763250883392,
        "n": 1132
      },
      "launder_lite": {
        "tpr": 0.62,
        "fpr": 0.05333333333333334,